file,X_left-top,Y_left-top,X_right-bottom,Y_right-bottom
C1/1-1-3-submit-00000.mp4,0.2864583333333333,0.0722222222222222,0.6166666666666667,0.6592592592592592
C1/1-1-3-submit-73549.mp4,0.2864583333333333,0.0722222222222222,0.6166666666666667,0.6592592592592592
C1/1-1-3-submit-74734.mp4,0.2864583333333333,0.0722222222222222,0.6166666666666667,0.6592592592592592
C1/1-1-3-submit-74766.mp4,0.2864583333333333,0.0722222222222222,0.6166666666666667,0.6592592592592592
C1/1-1-3-submit-75090.mp4,0.2864583333333333,0.0722222222222222,0.6166666666666667,0.6592592592592592
C1/1-2-2-submit-00000.mp4,0.36875,0.2,0.621875,0.65
C1/1-2-2-submit-73549.mp4,0.36875,0.2,0.621875,0.65
C1/1-2-2-submit-74734.mp4,0.36875,0.2,0.621875,0.65
C1/1-2-2-submit-74766.mp4,0.36875,0.2,0.621875,0.65
C1/1-2-2-submit-75090.mp4,0.36875,0.2,0.621875,0.65
C1/2-1-4-submit-00000.mp4,0.2822916666666666,0.1314814814814814,0.5541666666666667,0.6148148148148148
C1/2-1-4-submit-73549.mp4,0.2822916666666666,0.1314814814814814,0.5541666666666667,0.6148148148148148
C1/2-1-4-submit-74734.mp4,0.2822916666666666,0.1314814814814814,0.5541666666666667,0.6148148148148148
C1/2-1-4-submit-74766.mp4,0.2822916666666666,0.1314814814814814,0.5541666666666667,0.6148148148148148
C1/2-1-4-submit-75090.mp4,0.2822916666666666,0.1314814814814814,0.5541666666666667,0.6148148148148148
C1/2-2-1-submit-00000.mp4,0.3697916666666667,0.1962962962962963,0.6604166666666667,0.7129629629629629
C1/2-2-1-submit-73549.mp4,0.3697916666666667,0.1962962962962963,0.6604166666666667,0.7129629629629629
C1/2-2-1-submit-74734.mp4,0.3697916666666667,0.1962962962962963,0.6604166666666667,0.7129629629629629
C1/2-2-1-submit-74766.mp4,0.3697916666666667,0.1962962962962963,0.6604166666666667,0.7129629629629629
C1/2-2-1-submit-75090.mp4,0.3697916666666667,0.1962962962962963,0.6604166666666667,0.7129629629629629
C1/5-1-1-submit-00000.mp4,0.4458333333333333,0.1185185185185185,0.75625,0.6703703703703704
C1/5-1-1-submit-73549.mp4,0.4458333333333333,0.1185185185185185,0.75625,0.6703703703703704
C1/5-1-1-submit-74734.mp4,0.4458333333333333,0.1185185185185185,0.75625,0.6703703703703704
C1/5-1-1-submit-74766.mp4,0.4458333333333333,0.1185185185185185,0.75625,0.6703703703703704
C1/5-1-1-submit-75090.mp4,0.4458333333333333,0.1185185185185185,0.75625,0.6703703703703704
C1/5-2-9-submit-00000.mp4,0.3708333333333333,0.0814814814814814,0.7197916666666667,0.7018518518518518
C1/5-2-9-submit-73549.mp4,0.3708333333333333,0.0814814814814814,0.7197916666666667,0.7018518518518518
C1/5-2-9-submit-74734.mp4,0.3708333333333333,0.0814814814814814,0.7197916666666667,0.7018518518518518
C1/5-2-9-submit-74766.mp4,0.3708333333333333,0.0814814814814814,0.7197916666666667,0.7018518518518518
C1/5-2-9-submit-75090.mp4,0.3708333333333333,0.0814814814814814,0.7197916666666667,0.7018518518518518
C1/6-1-2-submit-00000.mp4,0.2833333333333333,0.1092592592592592,0.6229166666666667,0.7129629629629629
C1/6-1-2-submit-73549.mp4,0.2833333333333333,0.1092592592592592,0.6229166666666667,0.7129629629629629
C1/6-1-2-submit-74734.mp4,0.2833333333333333,0.1092592592592592,0.6229166666666667,0.7129629629629629
C1/6-1-2-submit-74766.mp4,0.2833333333333333,0.1092592592592592,0.6229166666666667,0.7129629629629629
C1/6-1-2-submit-75090.mp4,0.2833333333333333,0.1092592592592592,0.6229166666666667,0.7129629629629629
C1/6-2-2-submit-00000.mp4,0.2958333333333333,0.224074074074074,0.6125,0.7870370370370371
C1/6-2-2-submit-73549.mp4,0.2958333333333333,0.224074074074074,0.6125,0.7870370370370371
C1/6-2-2-submit-74734.mp4,0.2958333333333333,0.224074074074074,0.6125,0.7870370370370371
C1/6-2-2-submit-74766.mp4,0.2958333333333333,0.224074074074074,0.6125,0.7870370370370371
C1/6-2-2-submit-75090.mp4,0.2958333333333333,0.224074074074074,0.6125,0.7870370370370371
C1/7-1-1-submit-00000.mp4,0.4104166666666666,0.1685185185185185,0.6885416666666667,0.662962962962963
C1/7-1-1-submit-73549.mp4,0.4104166666666666,0.1685185185185185,0.6885416666666667,0.662962962962963
C1/7-1-1-submit-74734.mp4,0.4104166666666666,0.1685185185185185,0.6885416666666667,0.662962962962963
C1/7-1-1-submit-74766.mp4,0.4104166666666666,0.1685185185185185,0.6885416666666667,0.662962962962963
C1/7-1-1-submit-75090.mp4,0.4104166666666666,0.1685185185185185,0.6885416666666667,0.662962962962963
C1/7-2-10-submit-00000.mp4,0.2989583333333333,0.0962962962962963,0.6052083333333333,0.6407407407407407
C1/7-2-10-submit-73549.mp4,0.2989583333333333,0.0962962962962963,0.6052083333333333,0.6407407407407407
C1/7-2-10-submit-74734.mp4,0.2989583333333333,0.0962962962962963,0.6052083333333333,0.6407407407407407
C1/7-2-10-submit-74766.mp4,0.2989583333333333,0.0962962962962963,0.6052083333333333,0.6407407407407407
C1/7-2-10-submit-75090.mp4,0.2989583333333333,0.0962962962962963,0.6052083333333333,0.6407407407407407
C1/9-1-2-submit-00000.mp4,0.446875,0.1574074074074074,0.7260416666666667,0.6537037037037037
C1/9-1-2-submit-73549.mp4,0.446875,0.1574074074074074,0.7260416666666667,0.6537037037037037
C1/9-1-2-submit-74734.mp4,0.446875,0.1574074074074074,0.7260416666666667,0.6537037037037037
C1/9-1-2-submit-74766.mp4,0.446875,0.1574074074074074,0.7260416666666667,0.6537037037037037
C1/9-1-2-submit-75090.mp4,0.446875,0.1574074074074074,0.7260416666666667,0.6537037037037037
C1/9-2-5-submit-00000.mp4,0.371875,0.1314814814814814,0.7177083333333333,0.7462962962962963
C1/9-2-5-submit-73549.mp4,0.371875,0.1314814814814814,0.7177083333333333,0.7462962962962963
C1/9-2-5-submit-74734.mp4,0.371875,0.1314814814814814,0.7177083333333333,0.7462962962962963
C1/9-2-5-submit-74766.mp4,0.371875,0.1314814814814814,0.7177083333333333,0.7462962962962963
C1/9-2-5-submit-75090.mp4,0.371875,0.1314814814814814,0.7177083333333333,0.7462962962962963
C1/10-1-1-submit-00000.mp4,0.328125,0.1259259259259259,0.6020833333333333,0.6129629629629629
C1/10-1-1-submit-73549.mp4,0.328125,0.1259259259259259,0.6020833333333333,0.6129629629629629
C1/10-1-1-submit-74734.mp4,0.328125,0.1259259259259259,0.6020833333333333,0.6129629629629629
C1/10-1-1-submit-74766.mp4,0.328125,0.1259259259259259,0.6020833333333333,0.6129629629629629
C1/10-1-1-submit-75090.mp4,0.328125,0.1259259259259259,0.6020833333333333,0.6129629629629629
C1/10-2-6-submit-00000.mp4,0.2979166666666666,0.1462962962962962,0.571875,0.6333333333333333
C1/10-2-6-submit-73549.mp4,0.2979166666666666,0.1462962962962962,0.571875,0.6333333333333333
C1/10-2-6-submit-74734.mp4,0.2979166666666666,0.1462962962962962,0.571875,0.6333333333333333
C1/10-2-6-submit-74766.mp4,0.2979166666666666,0.1462962962962962,0.571875,0.6333333333333333
C1/10-2-6-submit-75090.mp4,0.2979166666666666,0.1462962962962962,0.571875,0.6333333333333333
C1/12-1-2-submit-00000.mp4,0.3541666666666667,0.1222222222222222,0.6979166666666666,0.7333333333333333
C1/12-1-2-submit-73549.mp4,0.3541666666666667,0.1222222222222222,0.6979166666666666,0.7333333333333333
C1/12-1-2-submit-74734.mp4,0.3541666666666667,0.1222222222222222,0.6979166666666666,0.7333333333333333
C1/12-1-2-submit-74766.mp4,0.3541666666666667,0.1222222222222222,0.6979166666666666,0.7333333333333333
C1/12-1-2-submit-75090.mp4,0.3541666666666667,0.1222222222222222,0.6979166666666666,0.7333333333333333
C1/12-2-1-submit-00000.mp4,0.3864583333333333,0.2444444444444444,0.6802083333333333,0.7666666666666667
C1/12-2-1-submit-73549.mp4,0.3864583333333333,0.2444444444444444,0.6802083333333333,0.7666666666666667
C1/12-2-1-submit-74734.mp4,0.3864583333333333,0.2444444444444444,0.6802083333333333,0.7666666666666667
C1/12-2-1-submit-74766.mp4,0.3864583333333333,0.2444444444444444,0.6802083333333333,0.7666666666666667
C1/12-2-1-submit-75090.mp4,0.3864583333333333,0.2444444444444444,0.6802083333333333,0.7666666666666667
C1/14-1-1-submit-00000.mp4,0.3822916666666666,0.087037037037037,0.69375,0.6407407407407407
C1/14-1-1-submit-73549.mp4,0.3822916666666666,0.087037037037037,0.69375,0.6407407407407407
C1/14-1-1-submit-74734.mp4,0.3822916666666666,0.087037037037037,0.69375,0.6407407407407407
C1/14-1-1-submit-74766.mp4,0.3822916666666666,0.087037037037037,0.69375,0.6407407407407407
C1/14-1-1-submit-75090.mp4,0.3822916666666666,0.087037037037037,0.69375,0.6407407407407407
C1/14-2-2-submit-00000.mp4,0.340625,0.1333333333333333,0.6375,0.6611111111111111
C1/14-2-2-submit-73549.mp4,0.340625,0.1333333333333333,0.6375,0.6611111111111111
C1/14-2-2-submit-74734.mp4,0.340625,0.1333333333333333,0.6375,0.6611111111111111
C1/14-2-2-submit-74766.mp4,0.340625,0.1333333333333333,0.6375,0.6611111111111111
C1/14-2-2-submit-75090.mp4,0.340625,0.1333333333333333,0.6375,0.6611111111111111
C1/16-1-2-submit-00000.mp4,0.3552083333333333,0.0351851851851851,0.675,0.6037037037037037
C1/16-1-2-submit-73549.mp4,0.3552083333333333,0.0351851851851851,0.675,0.6037037037037037
C1/16-1-2-submit-74734.mp4,0.3552083333333333,0.0351851851851851,0.675,0.6037037037037037
C1/16-1-2-submit-74766.mp4,0.3552083333333333,0.0351851851851851,0.675,0.6037037037037037
C1/16-1-2-submit-75090.mp4,0.3552083333333333,0.0351851851851851,0.675,0.6037037037037037
C1/16-2-3-submit-00000.mp4,0.3052083333333333,0.1259259259259259,0.7416666666666667,0.901851851851852
C1/16-2-3-submit-73549.mp4,0.3052083333333333,0.1259259259259259,0.7416666666666667,0.901851851851852
C1/16-2-3-submit-74734.mp4,0.3052083333333333,0.1259259259259259,0.7416666666666667,0.901851851851852
C1/16-2-3-submit-74766.mp4,0.3052083333333333,0.1259259259259259,0.7416666666666667,0.901851851851852
C1/16-2-3-submit-75090.mp4,0.3052083333333333,0.1259259259259259,0.7416666666666667,0.901851851851852
C1/18-1-1-submit-00000.mp4,0.4052083333333333,0.1129629629629629,0.70625,0.6481481481481481
C1/18-1-1-submit-73549.mp4,0.4052083333333333,0.1129629629629629,0.70625,0.6481481481481481
C1/18-1-1-submit-74734.mp4,0.4052083333333333,0.1129629629629629,0.70625,0.6481481481481481
C1/18-1-1-submit-74766.mp4,0.4052083333333333,0.1129629629629629,0.70625,0.6481481481481481
C1/18-1-1-submit-75090.mp4,0.4052083333333333,0.1129629629629629,0.70625,0.6481481481481481
C1/18-2-2-submit-00000.mp4,0.31875,0.0629629629629629,0.6489583333333333,0.65
C1/18-2-2-submit-73549.mp4,0.31875,0.0629629629629629,0.6489583333333333,0.65
C1/18-2-2-submit-74734.mp4,0.31875,0.0629629629629629,0.6489583333333333,0.65
C1/18-2-2-submit-74766.mp4,0.31875,0.0629629629629629,0.6489583333333333,0.65
C1/18-2-2-submit-75090.mp4,0.31875,0.0629629629629629,0.6489583333333333,0.65
C1/20-1-2-submit-00000.mp4,0.3072916666666667,0.1018518518518518,0.5635416666666667,0.5574074074074075
C1/20-1-2-submit-73549.mp4,0.3072916666666667,0.1018518518518518,0.5635416666666667,0.5574074074074075
C1/20-1-2-submit-74734.mp4,0.3072916666666667,0.1018518518518518,0.5635416666666667,0.5574074074074075
C1/20-1-2-submit-74766.mp4,0.3072916666666667,0.1018518518518518,0.5635416666666667,0.5574074074074075
C1/20-1-2-submit-75090.mp4,0.3072916666666667,0.1018518518518518,0.5635416666666667,0.5574074074074075
C1/20-2-1-submit-00000.mp4,0.3708333333333333,0.1555555555555555,0.634375,0.6240740740740741
C1/20-2-1-submit-73549.mp4,0.3708333333333333,0.1555555555555555,0.634375,0.6240740740740741
C1/20-2-1-submit-74734.mp4,0.3708333333333333,0.1555555555555555,0.634375,0.6240740740740741
C1/20-2-1-submit-74766.mp4,0.3708333333333333,0.1555555555555555,0.634375,0.6240740740740741
C1/20-2-1-submit-75090.mp4,0.3708333333333333,0.1555555555555555,0.634375,0.6240740740740741
C1/21-1-1-submit-00000.mp4,0.2989583333333333,0.1611111111111111,0.665625,0.812962962962963
C1/21-1-1-submit-73549.mp4,0.2989583333333333,0.1611111111111111,0.665625,0.812962962962963
C1/21-1-1-submit-74734.mp4,0.2989583333333333,0.1611111111111111,0.665625,0.812962962962963
C1/21-1-1-submit-74766.mp4,0.2989583333333333,0.1611111111111111,0.665625,0.812962962962963
C1/21-1-1-submit-75090.mp4,0.2989583333333333,0.1611111111111111,0.665625,0.812962962962963
C1/21-2-2-submit-00000.mp4,0.375,0.1462962962962962,0.7197916666666667,0.7592592592592593
C1/21-2-2-submit-73549.mp4,0.375,0.1462962962962962,0.7197916666666667,0.7592592592592593
C1/21-2-2-submit-74734.mp4,0.375,0.1462962962962962,0.7197916666666667,0.7592592592592593
C1/21-2-2-submit-74766.mp4,0.375,0.1462962962962962,0.7197916666666667,0.7592592592592593
C1/21-2-2-submit-75090.mp4,0.375,0.1462962962962962,0.7197916666666667,0.7592592592592593
C1/22-1-1-submit-00000.mp4,0.325,0.2074074074074074,0.6302083333333334,0.75
C1/22-1-1-submit-73549.mp4,0.325,0.2074074074074074,0.6302083333333334,0.75
C1/22-1-1-submit-74734.mp4,0.325,0.2074074074074074,0.6302083333333334,0.75
C1/22-1-1-submit-74766.mp4,0.325,0.2074074074074074,0.6302083333333334,0.75
C1/22-1-1-submit-75090.mp4,0.325,0.2074074074074074,0.6302083333333334,0.75
C1/22-2-2-submit-00000.mp4,0.334375,0.1703703703703703,0.6125,0.6648148148148149
C1/22-2-2-submit-73549.mp4,0.334375,0.1703703703703703,0.6125,0.6648148148148149
C1/22-2-2-submit-74734.mp4,0.334375,0.1703703703703703,0.6125,0.6648148148148149
C1/22-2-2-submit-74766.mp4,0.334375,0.1703703703703703,0.6125,0.6648148148148149
C1/22-2-2-submit-75090.mp4,0.334375,0.1703703703703703,0.6125,0.6648148148148149
C2/10-1-4-submit-00000.mp4,0.3166666666666666,0.0981481481481481,0.6010416666666667,0.6037037037037037
C2/10-1-4-submit-82495.mp4,0.3166666666666666,0.0981481481481481,0.6010416666666667,0.6037037037037037
C2/10-1-4-submit-82501.mp4,0.3166666666666666,0.0981481481481481,0.6010416666666667,0.6037037037037037
C2/10-1-4-submit-82882.mp4,0.3166666666666666,0.0981481481481481,0.6010416666666667,0.6037037037037037
C2/10-1-4-submit-82910.mp4,0.3166666666666666,0.0981481481481481,0.6010416666666667,0.6037037037037037
C2/10-1-4-submit-82999.mp4,0.3166666666666666,0.0981481481481481,0.6010416666666667,0.6037037037037037
C2/10-1-4-submit-83063.mp4,0.3166666666666666,0.0981481481481481,0.6010416666666667,0.6037037037037037
C2/10-1-4-submit-83485.mp4,0.3166666666666666,0.0981481481481481,0.6010416666666667,0.6037037037037037
C2/10-1-4-submit-83619.mp4,0.3166666666666666,0.0981481481481481,0.6010416666666667,0.6037037037037037
C2/10-2-3-submit-00000.mp4,0.29375,0.1481481481481481,0.5635416666666667,0.6277777777777778
C2/10-2-3-submit-82495.mp4,0.29375,0.1481481481481481,0.5635416666666667,0.6277777777777778
C2/10-2-3-submit-82501.mp4,0.29375,0.1481481481481481,0.5635416666666667,0.6277777777777778
C2/10-2-3-submit-82882.mp4,0.29375,0.1481481481481481,0.5635416666666667,0.6277777777777778
C2/10-2-3-submit-82910.mp4,0.29375,0.1481481481481481,0.5635416666666667,0.6277777777777778
C2/10-2-3-submit-82999.mp4,0.29375,0.1481481481481481,0.5635416666666667,0.6277777777777778
C2/10-2-3-submit-83063.mp4,0.29375,0.1481481481481481,0.5635416666666667,0.6277777777777778
C2/10-2-3-submit-83485.mp4,0.29375,0.1481481481481481,0.5635416666666667,0.6277777777777778
C2/10-2-3-submit-83619.mp4,0.29375,0.1481481481481481,0.5635416666666667,0.6277777777777778
C2/1-1-4-submit-00000.mp4,0.2864583333333333,0.0777777777777777,0.6135416666666667,0.6592592592592592
C2/1-1-4-submit-82495.mp4,0.2864583333333333,0.0777777777777777,0.6135416666666667,0.6592592592592592
C2/1-1-4-submit-82501.mp4,0.2864583333333333,0.0777777777777777,0.6135416666666667,0.6592592592592592
C2/1-1-4-submit-82882.mp4,0.2864583333333333,0.0777777777777777,0.6135416666666667,0.6592592592592592
C2/1-1-4-submit-82910.mp4,0.2864583333333333,0.0777777777777777,0.6135416666666667,0.6592592592592592
C2/1-1-4-submit-82999.mp4,0.2864583333333333,0.0777777777777777,0.6135416666666667,0.6592592592592592
C2/1-1-4-submit-83063.mp4,0.2864583333333333,0.0777777777777777,0.6135416666666667,0.6592592592592592
C2/1-1-4-submit-83485.mp4,0.2864583333333333,0.0777777777777777,0.6135416666666667,0.6592592592592592
C2/1-1-4-submit-83619.mp4,0.2864583333333333,0.0777777777777777,0.6135416666666667,0.6592592592592592
C2/12-1-9-submit-00000.mp4,0.34375,0.0981481481481481,0.7104166666666667,0.75
C2/12-1-9-submit-82495.mp4,0.34375,0.0981481481481481,0.7104166666666667,0.75
C2/12-1-9-submit-82501.mp4,0.34375,0.0981481481481481,0.7104166666666667,0.75
C2/12-1-9-submit-82882.mp4,0.34375,0.0981481481481481,0.7104166666666667,0.75
C2/12-1-9-submit-82910.mp4,0.34375,0.0981481481481481,0.7104166666666667,0.75
C2/12-1-9-submit-82999.mp4,0.34375,0.0981481481481481,0.7104166666666667,0.75
C2/12-1-9-submit-83063.mp4,0.34375,0.0981481481481481,0.7104166666666667,0.75
C2/12-1-9-submit-83485.mp4,0.34375,0.0981481481481481,0.7104166666666667,0.75
C2/12-1-9-submit-83619.mp4,0.34375,0.0981481481481481,0.7104166666666667,0.75
C2/12-2-4-submit-00000.mp4,0.3875,0.2407407407407407,0.6864583333333333,0.7722222222222223
C2/12-2-4-submit-82495.mp4,0.3875,0.2407407407407407,0.6864583333333333,0.7722222222222223
C2/12-2-4-submit-82501.mp4,0.3875,0.2407407407407407,0.6864583333333333,0.7722222222222223
C2/12-2-4-submit-82882.mp4,0.3875,0.2407407407407407,0.6864583333333333,0.7722222222222223
C2/12-2-4-submit-82910.mp4,0.3875,0.2407407407407407,0.6864583333333333,0.7722222222222223
C2/12-2-4-submit-82999.mp4,0.3875,0.2407407407407407,0.6864583333333333,0.7722222222222223
C2/12-2-4-submit-83063.mp4,0.3875,0.2407407407407407,0.6864583333333333,0.7722222222222223
C2/12-2-4-submit-83485.mp4,0.3875,0.2407407407407407,0.6864583333333333,0.7722222222222223
C2/12-2-4-submit-83619.mp4,0.3875,0.2407407407407407,0.6864583333333333,0.7722222222222223
C2/1-2-3-submit-00000.mp4,0.3697916666666667,0.1925925925925926,0.6270833333333333,0.65
C2/1-2-3-submit-82495.mp4,0.3697916666666667,0.1925925925925926,0.6270833333333333,0.65
C2/1-2-3-submit-82501.mp4,0.3697916666666667,0.1925925925925926,0.6270833333333333,0.65
C2/1-2-3-submit-82882.mp4,0.3697916666666667,0.1925925925925926,0.6270833333333333,0.65
C2/1-2-3-submit-82910.mp4,0.3697916666666667,0.1925925925925926,0.6270833333333333,0.65
C2/1-2-3-submit-82999.mp4,0.3697916666666667,0.1925925925925926,0.6270833333333333,0.65
C2/1-2-3-submit-83063.mp4,0.3697916666666667,0.1925925925925926,0.6270833333333333,0.65
C2/1-2-3-submit-83485.mp4,0.3697916666666667,0.1925925925925926,0.6270833333333333,0.65
C2/1-2-3-submit-83619.mp4,0.3697916666666667,0.1925925925925926,0.6270833333333333,0.65
C2/14-1-2-submit-00000.mp4,0.3895833333333333,0.1222222222222222,0.6520833333333333,0.5888888888888889
C2/14-1-2-submit-82495.mp4,0.3895833333333333,0.1222222222222222,0.6520833333333333,0.5888888888888889
C2/14-1-2-submit-82501.mp4,0.3895833333333333,0.1222222222222222,0.6520833333333333,0.5888888888888889
C2/14-1-2-submit-82882.mp4,0.3895833333333333,0.1222222222222222,0.6520833333333333,0.5888888888888889
C2/14-1-2-submit-82910.mp4,0.3895833333333333,0.1222222222222222,0.6520833333333333,0.5888888888888889
C2/14-1-2-submit-82999.mp4,0.3895833333333333,0.1222222222222222,0.6520833333333333,0.5888888888888889
C2/14-1-2-submit-83063.mp4,0.3895833333333333,0.1222222222222222,0.6520833333333333,0.5888888888888889
C2/14-1-2-submit-83485.mp4,0.3895833333333333,0.1222222222222222,0.6520833333333333,0.5888888888888889
C2/14-1-2-submit-83619.mp4,0.3895833333333333,0.1222222222222222,0.6520833333333333,0.5888888888888889
C2/14-2-4-submit-00000.mp4,0.3,0.1074074074074074,0.5916666666666667,0.6259259259259259
C2/14-2-4-submit-82495.mp4,0.3,0.1074074074074074,0.5916666666666667,0.6259259259259259
C2/14-2-4-submit-82501.mp4,0.3,0.1074074074074074,0.5916666666666667,0.6259259259259259
C2/14-2-4-submit-82882.mp4,0.3,0.1074074074074074,0.5916666666666667,0.6259259259259259
C2/14-2-4-submit-82910.mp4,0.3,0.1074074074074074,0.5916666666666667,0.6259259259259259
C2/14-2-4-submit-82999.mp4,0.3,0.1074074074074074,0.5916666666666667,0.6259259259259259
C2/14-2-4-submit-83063.mp4,0.3,0.1074074074074074,0.5916666666666667,0.6259259259259259
C2/14-2-4-submit-83485.mp4,0.3,0.1074074074074074,0.5916666666666667,0.6259259259259259
C2/14-2-4-submit-83619.mp4,0.3,0.1074074074074074,0.5916666666666667,0.6259259259259259
C2/16-1-4-submit-00000.mp4,0.3552083333333333,0.0314814814814814,0.6770833333333334,0.6037037037037037
C2/16-1-4-submit-82495.mp4,0.3552083333333333,0.0314814814814814,0.6770833333333334,0.6037037037037037
C2/16-1-4-submit-82501.mp4,0.3552083333333333,0.0314814814814814,0.6770833333333334,0.6037037037037037
C2/16-1-4-submit-82882.mp4,0.3552083333333333,0.0314814814814814,0.6770833333333334,0.6037037037037037
C2/16-1-4-submit-82910.mp4,0.3552083333333333,0.0314814814814814,0.6770833333333334,0.6037037037037037
C2/16-1-4-submit-82999.mp4,0.3552083333333333,0.0314814814814814,0.6770833333333334,0.6037037037037037
C2/16-1-4-submit-83063.mp4,0.3552083333333333,0.0314814814814814,0.6770833333333334,0.6037037037037037
C2/16-1-4-submit-83485.mp4,0.3552083333333333,0.0314814814814814,0.6770833333333334,0.6037037037037037
C2/16-1-4-submit-83619.mp4,0.3552083333333333,0.0314814814814814,0.6770833333333334,0.6037037037037037
C2/16-2-5-submit-00000.mp4,0.2833333333333333,0.1203703703703703,0.7270833333333333,0.9092592592592592
C2/16-2-5-submit-82495.mp4,0.2833333333333333,0.1203703703703703,0.7270833333333333,0.9092592592592592
C2/16-2-5-submit-82501.mp4,0.2833333333333333,0.1203703703703703,0.7270833333333333,0.9092592592592592
C2/16-2-5-submit-82882.mp4,0.2833333333333333,0.1203703703703703,0.7270833333333333,0.9092592592592592
C2/16-2-5-submit-82910.mp4,0.2833333333333333,0.1203703703703703,0.7270833333333333,0.9092592592592592
C2/16-2-5-submit-82999.mp4,0.2833333333333333,0.1203703703703703,0.7270833333333333,0.9092592592592592
C2/16-2-5-submit-83063.mp4,0.2833333333333333,0.1203703703703703,0.7270833333333333,0.9092592592592592
C2/16-2-5-submit-83485.mp4,0.2833333333333333,0.1203703703703703,0.7270833333333333,0.9092592592592592
C2/16-2-5-submit-83619.mp4,0.2833333333333333,0.1203703703703703,0.7270833333333333,0.9092592592592592
C2/18-1-3-submit-00000.mp4,0.396875,0.1092592592592592,0.7020833333333333,0.6518518518518519
C2/18-1-3-submit-82495.mp4,0.396875,0.1092592592592592,0.7020833333333333,0.6518518518518519
C2/18-1-3-submit-82501.mp4,0.396875,0.1092592592592592,0.7020833333333333,0.6518518518518519
C2/18-1-3-submit-82882.mp4,0.396875,0.1092592592592592,0.7020833333333333,0.6518518518518519
C2/18-1-3-submit-82910.mp4,0.396875,0.1092592592592592,0.7020833333333333,0.6518518518518519
C2/18-1-3-submit-82999.mp4,0.396875,0.1092592592592592,0.7020833333333333,0.6518518518518519
C2/18-1-3-submit-83063.mp4,0.396875,0.1092592592592592,0.7020833333333333,0.6518518518518519
C2/18-1-3-submit-83485.mp4,0.396875,0.1092592592592592,0.7020833333333333,0.6518518518518519
C2/18-1-3-submit-83619.mp4,0.396875,0.1092592592592592,0.7020833333333333,0.6518518518518519
C2/18-2-4-submit-00000.mp4,0.3177083333333333,0.074074074074074,0.646875,0.6592592592592592
C2/18-2-4-submit-82495.mp4,0.3177083333333333,0.074074074074074,0.646875,0.6592592592592592
C2/18-2-4-submit-82501.mp4,0.3177083333333333,0.074074074074074,0.646875,0.6592592592592592
C2/18-2-4-submit-82882.mp4,0.3177083333333333,0.074074074074074,0.646875,0.6592592592592592
C2/18-2-4-submit-82910.mp4,0.3177083333333333,0.074074074074074,0.646875,0.6592592592592592
C2/18-2-4-submit-82999.mp4,0.3177083333333333,0.074074074074074,0.646875,0.6592592592592592
C2/18-2-4-submit-83063.mp4,0.3177083333333333,0.074074074074074,0.646875,0.6592592592592592
C2/18-2-4-submit-83485.mp4,0.3177083333333333,0.074074074074074,0.646875,0.6592592592592592
C2/18-2-4-submit-83619.mp4,0.3177083333333333,0.074074074074074,0.646875,0.6592592592592592
C2/20-1-3-submit-00000.mp4,0.3104166666666667,0.1055555555555555,0.5635416666666667,0.5555555555555556
C2/20-1-3-submit-82495.mp4,0.3104166666666667,0.1055555555555555,0.5635416666666667,0.5555555555555556
C2/20-1-3-submit-82501.mp4,0.3104166666666667,0.1055555555555555,0.5635416666666667,0.5555555555555556
C2/20-1-3-submit-82882.mp4,0.3104166666666667,0.1055555555555555,0.5635416666666667,0.5555555555555556
C2/20-1-3-submit-82910.mp4,0.3104166666666667,0.1055555555555555,0.5635416666666667,0.5555555555555556
C2/20-1-3-submit-82999.mp4,0.3104166666666667,0.1055555555555555,0.5635416666666667,0.5555555555555556
C2/20-1-3-submit-83063.mp4,0.3104166666666667,0.1055555555555555,0.5635416666666667,0.5555555555555556
C2/20-1-3-submit-83485.mp4,0.3104166666666667,0.1055555555555555,0.5635416666666667,0.5555555555555556
C2/20-1-3-submit-83619.mp4,0.3104166666666667,0.1055555555555555,0.5635416666666667,0.5555555555555556
C2/20-2-3-submit-00000.mp4,0.378125,0.1537037037037037,0.6385416666666667,0.6166666666666667
C2/20-2-3-submit-82495.mp4,0.378125,0.1537037037037037,0.6385416666666667,0.6166666666666667
C2/20-2-3-submit-82501.mp4,0.378125,0.1537037037037037,0.6385416666666667,0.6166666666666667
C2/20-2-3-submit-82882.mp4,0.378125,0.1537037037037037,0.6385416666666667,0.6166666666666667
C2/20-2-3-submit-82910.mp4,0.378125,0.1537037037037037,0.6385416666666667,0.6166666666666667
C2/20-2-3-submit-82999.mp4,0.378125,0.1537037037037037,0.6385416666666667,0.6166666666666667
C2/20-2-3-submit-83063.mp4,0.378125,0.1537037037037037,0.6385416666666667,0.6166666666666667
C2/20-2-3-submit-83485.mp4,0.378125,0.1537037037037037,0.6385416666666667,0.6166666666666667
C2/20-2-3-submit-83619.mp4,0.378125,0.1537037037037037,0.6385416666666667,0.6166666666666667
C2/21-1-2-submit-00000.mp4,0.2895833333333333,0.1703703703703703,0.6520833333333333,0.8148148148148148
C2/21-1-2-submit-82495.mp4,0.2895833333333333,0.1703703703703703,0.6520833333333333,0.8148148148148148
C2/21-1-2-submit-82501.mp4,0.2895833333333333,0.1703703703703703,0.6520833333333333,0.8148148148148148
C2/21-1-2-submit-82882.mp4,0.2895833333333333,0.1703703703703703,0.6520833333333333,0.8148148148148148
C2/21-1-2-submit-82910.mp4,0.2895833333333333,0.1703703703703703,0.6520833333333333,0.8148148148148148
C2/21-1-2-submit-82999.mp4,0.2895833333333333,0.1703703703703703,0.6520833333333333,0.8148148148148148
C2/21-1-2-submit-83063.mp4,0.2895833333333333,0.1703703703703703,0.6520833333333333,0.8148148148148148
C2/21-1-2-submit-83485.mp4,0.2895833333333333,0.1703703703703703,0.6520833333333333,0.8148148148148148
C2/21-1-2-submit-83619.mp4,0.2895833333333333,0.1703703703703703,0.6520833333333333,0.8148148148148148
C2/2-1-1-submit-00000.mp4,0.284375,0.1425925925925926,0.55,0.6148148148148148
C2/2-1-1-submit-82495.mp4,0.284375,0.1425925925925926,0.55,0.6148148148148148
C2/2-1-1-submit-82501.mp4,0.284375,0.1425925925925926,0.55,0.6148148148148148
C2/2-1-1-submit-82882.mp4,0.284375,0.1425925925925926,0.55,0.6148148148148148
C2/2-1-1-submit-82910.mp4,0.284375,0.1425925925925926,0.55,0.6148148148148148
C2/2-1-1-submit-82999.mp4,0.284375,0.1425925925925926,0.55,0.6148148148148148
C2/2-1-1-submit-83063.mp4,0.284375,0.1425925925925926,0.55,0.6148148148148148
C2/2-1-1-submit-83485.mp4,0.284375,0.1425925925925926,0.55,0.6148148148148148
C2/2-1-1-submit-83619.mp4,0.284375,0.1425925925925926,0.55,0.6148148148148148
C2/21-2-4-submit-00000.mp4,0.4375,0.1814814814814815,0.7833333333333333,0.7962962962962963
C2/21-2-4-submit-82495.mp4,0.4375,0.1814814814814815,0.7833333333333333,0.7962962962962963
C2/21-2-4-submit-82501.mp4,0.4375,0.1814814814814815,0.7833333333333333,0.7962962962962963
C2/21-2-4-submit-82882.mp4,0.4375,0.1814814814814815,0.7833333333333333,0.7962962962962963
C2/21-2-4-submit-82910.mp4,0.4375,0.1814814814814815,0.7833333333333333,0.7962962962962963
C2/21-2-4-submit-82999.mp4,0.4375,0.1814814814814815,0.7833333333333333,0.7962962962962963
C2/21-2-4-submit-83063.mp4,0.4375,0.1814814814814815,0.7833333333333333,0.7962962962962963
C2/21-2-4-submit-83485.mp4,0.4375,0.1814814814814815,0.7833333333333333,0.7962962962962963
C2/21-2-4-submit-83619.mp4,0.4375,0.1814814814814815,0.7833333333333333,0.7962962962962963
C2/22-1-2-submit-00000.mp4,0.321875,0.2111111111111111,0.63125,0.7611111111111111
C2/22-1-2-submit-82495.mp4,0.321875,0.2111111111111111,0.63125,0.7611111111111111
C2/22-1-2-submit-82501.mp4,0.321875,0.2111111111111111,0.63125,0.7611111111111111
C2/22-1-2-submit-82882.mp4,0.321875,0.2111111111111111,0.63125,0.7611111111111111
C2/22-1-2-submit-82910.mp4,0.321875,0.2111111111111111,0.63125,0.7611111111111111
C2/22-1-2-submit-82999.mp4,0.321875,0.2111111111111111,0.63125,0.7611111111111111
C2/22-1-2-submit-83063.mp4,0.321875,0.2111111111111111,0.63125,0.7611111111111111
C2/22-1-2-submit-83485.mp4,0.321875,0.2111111111111111,0.63125,0.7611111111111111
C2/22-1-2-submit-83619.mp4,0.321875,0.2111111111111111,0.63125,0.7611111111111111
C2/22-2-3-submit-00000.mp4,0.31875,0.1666666666666666,0.5989583333333334,0.6648148148148149
C2/22-2-3-submit-82495.mp4,0.31875,0.1666666666666666,0.5989583333333334,0.6648148148148149
C2/22-2-3-submit-82501.mp4,0.31875,0.1666666666666666,0.5989583333333334,0.6648148148148149
C2/22-2-3-submit-82882.mp4,0.31875,0.1666666666666666,0.5989583333333334,0.6648148148148149
C2/22-2-3-submit-82910.mp4,0.31875,0.1666666666666666,0.5989583333333334,0.6648148148148149
C2/22-2-3-submit-82999.mp4,0.31875,0.1666666666666666,0.5989583333333334,0.6648148148148149
C2/22-2-3-submit-83063.mp4,0.31875,0.1666666666666666,0.5989583333333334,0.6648148148148149
C2/22-2-3-submit-83485.mp4,0.31875,0.1666666666666666,0.5989583333333334,0.6648148148148149
C2/22-2-3-submit-83619.mp4,0.31875,0.1666666666666666,0.5989583333333334,0.6648148148148149
C2/2-2-4-submit-00000.mp4,0.378125,0.1981481481481481,0.6604166666666667,0.7
C2/2-2-4-submit-82495.mp4,0.378125,0.1981481481481481,0.6604166666666667,0.7
C2/2-2-4-submit-82501.mp4,0.378125,0.1981481481481481,0.6604166666666667,0.7
C2/2-2-4-submit-82882.mp4,0.378125,0.1981481481481481,0.6604166666666667,0.7
C2/2-2-4-submit-82910.mp4,0.378125,0.1981481481481481,0.6604166666666667,0.7
C2/2-2-4-submit-82999.mp4,0.378125,0.1981481481481481,0.6604166666666667,0.7
C2/2-2-4-submit-83063.mp4,0.378125,0.1981481481481481,0.6604166666666667,0.7
C2/2-2-4-submit-83485.mp4,0.378125,0.1981481481481481,0.6604166666666667,0.7
C2/2-2-4-submit-83619.mp4,0.378125,0.1981481481481481,0.6604166666666667,0.7
C2/5-1-8-submit-00000.mp4,0.4541666666666666,0.124074074074074,0.75,0.65
C2/5-1-8-submit-82495.mp4,0.4541666666666666,0.124074074074074,0.75,0.65
C2/5-1-8-submit-82501.mp4,0.4541666666666666,0.124074074074074,0.75,0.65
C2/5-1-8-submit-82882.mp4,0.4541666666666666,0.124074074074074,0.75,0.65
C2/5-1-8-submit-82910.mp4,0.4541666666666666,0.124074074074074,0.75,0.65
C2/5-1-8-submit-82999.mp4,0.4541666666666666,0.124074074074074,0.75,0.65
C2/5-1-8-submit-83063.mp4,0.4541666666666666,0.124074074074074,0.75,0.65
C2/5-1-8-submit-83485.mp4,0.4541666666666666,0.124074074074074,0.75,0.65
C2/5-1-8-submit-83619.mp4,0.4541666666666666,0.124074074074074,0.75,0.65
C2/5-2-2-submit-00000.mp4,0.38125,0.0814814814814814,0.7239583333333334,0.6907407407407408
C2/5-2-2-submit-82495.mp4,0.38125,0.0814814814814814,0.7239583333333334,0.6907407407407408
C2/5-2-2-submit-82501.mp4,0.38125,0.0814814814814814,0.7239583333333334,0.6907407407407408
C2/5-2-2-submit-82882.mp4,0.38125,0.0814814814814814,0.7239583333333334,0.6907407407407408
C2/5-2-2-submit-82910.mp4,0.38125,0.0814814814814814,0.7239583333333334,0.6907407407407408
C2/5-2-2-submit-82999.mp4,0.38125,0.0814814814814814,0.7239583333333334,0.6907407407407408
C2/5-2-2-submit-83063.mp4,0.38125,0.0814814814814814,0.7239583333333334,0.6907407407407408
C2/5-2-2-submit-83485.mp4,0.38125,0.0814814814814814,0.7239583333333334,0.6907407407407408
C2/5-2-2-submit-83619.mp4,0.38125,0.0814814814814814,0.7239583333333334,0.6907407407407408
C2/6-1-6-submit-00000.mp4,0.3052083333333333,0.1018518518518518,0.640625,0.6981481481481482
C2/6-1-6-submit-82495.mp4,0.3052083333333333,0.1018518518518518,0.640625,0.6981481481481482
C2/6-1-6-submit-82501.mp4,0.3052083333333333,0.1018518518518518,0.640625,0.6981481481481482
C2/6-1-6-submit-82882.mp4,0.3052083333333333,0.1018518518518518,0.640625,0.6981481481481482
C2/6-1-6-submit-82910.mp4,0.3052083333333333,0.1018518518518518,0.640625,0.6981481481481482
C2/6-1-6-submit-82999.mp4,0.3052083333333333,0.1018518518518518,0.640625,0.6981481481481482
C2/6-1-6-submit-83063.mp4,0.3052083333333333,0.1018518518518518,0.640625,0.6981481481481482
C2/6-1-6-submit-83485.mp4,0.3052083333333333,0.1018518518518518,0.640625,0.6981481481481482
C2/6-1-6-submit-83619.mp4,0.3052083333333333,0.1018518518518518,0.640625,0.6981481481481482
C2/6-2-7-submit-00000.mp4,0.190625,0.2555555555555555,0.5677083333333334,0.925925925925926
C2/6-2-7-submit-82495.mp4,0.190625,0.2555555555555555,0.5677083333333334,0.925925925925926
C2/6-2-7-submit-82501.mp4,0.190625,0.2555555555555555,0.5677083333333334,0.925925925925926
C2/6-2-7-submit-82882.mp4,0.190625,0.2555555555555555,0.5677083333333334,0.925925925925926
C2/6-2-7-submit-82910.mp4,0.190625,0.2555555555555555,0.5677083333333334,0.925925925925926
C2/6-2-7-submit-82999.mp4,0.190625,0.2555555555555555,0.5677083333333334,0.925925925925926
C2/6-2-7-submit-83063.mp4,0.190625,0.2555555555555555,0.5677083333333334,0.925925925925926
C2/6-2-7-submit-83485.mp4,0.190625,0.2555555555555555,0.5677083333333334,0.925925925925926
C2/6-2-7-submit-83619.mp4,0.190625,0.2555555555555555,0.5677083333333334,0.925925925925926
C2/7-1-5-submit-00000.mp4,0.409375,0.1833333333333333,0.6822916666666666,0.6685185185185185
C2/7-1-5-submit-82495.mp4,0.409375,0.1833333333333333,0.6822916666666666,0.6685185185185185
C2/7-1-5-submit-82501.mp4,0.409375,0.1833333333333333,0.6822916666666666,0.6685185185185185
C2/7-1-5-submit-82882.mp4,0.409375,0.1833333333333333,0.6822916666666666,0.6685185185185185
C2/7-1-5-submit-82910.mp4,0.409375,0.1833333333333333,0.6822916666666666,0.6685185185185185
C2/7-1-5-submit-82999.mp4,0.409375,0.1833333333333333,0.6822916666666666,0.6685185185185185
C2/7-1-5-submit-83063.mp4,0.409375,0.1833333333333333,0.6822916666666666,0.6685185185185185
C2/7-1-5-submit-83485.mp4,0.409375,0.1833333333333333,0.6822916666666666,0.6685185185185185
C2/7-1-5-submit-83619.mp4,0.409375,0.1833333333333333,0.6822916666666666,0.6685185185185185
C2/7-2-3-submit-00000.mp4,0.3208333333333333,0.1018518518518518,0.61875,0.6314814814814815
C2/7-2-3-submit-82495.mp4,0.3208333333333333,0.1018518518518518,0.61875,0.6314814814814815
C2/7-2-3-submit-82501.mp4,0.3208333333333333,0.1018518518518518,0.61875,0.6314814814814815
C2/7-2-3-submit-82882.mp4,0.3208333333333333,0.1018518518518518,0.61875,0.6314814814814815
C2/7-2-3-submit-82910.mp4,0.3208333333333333,0.1018518518518518,0.61875,0.6314814814814815
C2/7-2-3-submit-82999.mp4,0.3208333333333333,0.1018518518518518,0.61875,0.6314814814814815
C2/7-2-3-submit-83063.mp4,0.3208333333333333,0.1018518518518518,0.61875,0.6314814814814815
C2/7-2-3-submit-83485.mp4,0.3208333333333333,0.1018518518518518,0.61875,0.6314814814814815
C2/7-2-3-submit-83619.mp4,0.3208333333333333,0.1018518518518518,0.61875,0.6314814814814815
C2/9-1-4-submit-00000.mp4,0.4552083333333333,0.1481481481481481,0.7385416666666667,0.6518518518518519
C2/9-1-4-submit-82495.mp4,0.4552083333333333,0.1481481481481481,0.7385416666666667,0.6518518518518519
C2/9-1-4-submit-82501.mp4,0.4552083333333333,0.1481481481481481,0.7385416666666667,0.6518518518518519
C2/9-1-4-submit-82882.mp4,0.4552083333333333,0.1481481481481481,0.7385416666666667,0.6518518518518519
C2/9-1-4-submit-82910.mp4,0.4552083333333333,0.1481481481481481,0.7385416666666667,0.6518518518518519
C2/9-1-4-submit-82999.mp4,0.4552083333333333,0.1481481481481481,0.7385416666666667,0.6518518518518519
C2/9-1-4-submit-83063.mp4,0.4552083333333333,0.1481481481481481,0.7385416666666667,0.6518518518518519
C2/9-1-4-submit-83485.mp4,0.4552083333333333,0.1481481481481481,0.7385416666666667,0.6518518518518519
C2/9-1-4-submit-83619.mp4,0.4552083333333333,0.1481481481481481,0.7385416666666667,0.6518518518518519
C2/9-2-2-submit-00000.mp4,0.38125,0.1388888888888889,0.715625,0.7333333333333333
C2/9-2-2-submit-82495.mp4,0.38125,0.1388888888888889,0.715625,0.7333333333333333
C2/9-2-2-submit-82501.mp4,0.38125,0.1388888888888889,0.715625,0.7333333333333333
C2/9-2-2-submit-82882.mp4,0.38125,0.1388888888888889,0.715625,0.7333333333333333
C2/9-2-2-submit-82910.mp4,0.38125,0.1388888888888889,0.715625,0.7333333333333333
C2/9-2-2-submit-82999.mp4,0.38125,0.1388888888888889,0.715625,0.7333333333333333
C2/9-2-2-submit-83063.mp4,0.38125,0.1388888888888889,0.715625,0.7333333333333333
C2/9-2-2-submit-83485.mp4,0.38125,0.1388888888888889,0.715625,0.7333333333333333
C2/9-2-2-submit-83619.mp4,0.38125,0.1388888888888889,0.715625,0.7333333333333333
C3/10-1-8-submit-91740.mp4,0.3229166666666667,0.1074074074074074,0.5958333333333333,0.5925925925925926
C3/10-1-8-submit-92068.mp4,0.3229166666666667,0.1074074074074074,0.5958333333333333,0.5925925925925926
C3/10-1-8-submit-92069.mp4,0.3229166666666667,0.1074074074074074,0.5958333333333333,0.5925925925925926
C3/10-1-8-submit-92582.mp4,0.3229166666666667,0.1074074074074074,0.5958333333333333,0.5925925925925926
C3/10-1-8-submit-93056.mp4,0.3229166666666667,0.1074074074074074,0.5958333333333333,0.5925925925925926
C3/10-1-8-submit-93059.mp4,0.3229166666666667,0.1074074074074074,0.5958333333333333,0.5925925925925926
C3/10-1-8-submit-93062.mp4,0.3229166666666667,0.1074074074074074,0.5958333333333333,0.5925925925925926
C3/10-1-8-submit-93065.mp4,0.3229166666666667,0.1074074074074074,0.5958333333333333,0.5925925925925926
C3/10-1-8-submit-93110.mp4,0.3229166666666667,0.1074074074074074,0.5958333333333333,0.5925925925925926
C3/10-1-8-submit-93169.mp4,0.3229166666666667,0.1074074074074074,0.5958333333333333,0.5925925925925926
C3/10-1-8-submit-93170.mp4,0.3229166666666667,0.1074074074074074,0.5958333333333333,0.5925925925925926
C3/10-2-2-submit-91740.mp4,0.2895833333333333,0.1407407407407407,0.5645833333333333,0.6296296296296297
C3/10-2-2-submit-92068.mp4,0.2895833333333333,0.1407407407407407,0.5645833333333333,0.6296296296296297
C3/10-2-2-submit-92069.mp4,0.2895833333333333,0.1407407407407407,0.5645833333333333,0.6296296296296297
C3/10-2-2-submit-92582.mp4,0.2895833333333333,0.1407407407407407,0.5645833333333333,0.6296296296296297
C3/10-2-2-submit-93056.mp4,0.2895833333333333,0.1407407407407407,0.5645833333333333,0.6296296296296297
C3/10-2-2-submit-93059.mp4,0.2895833333333333,0.1407407407407407,0.5645833333333333,0.6296296296296297
C3/10-2-2-submit-93062.mp4,0.2895833333333333,0.1407407407407407,0.5645833333333333,0.6296296296296297
C3/10-2-2-submit-93065.mp4,0.2895833333333333,0.1407407407407407,0.5645833333333333,0.6296296296296297
C3/10-2-2-submit-93110.mp4,0.2895833333333333,0.1407407407407407,0.5645833333333333,0.6296296296296297
C3/10-2-2-submit-93169.mp4,0.2895833333333333,0.1407407407407407,0.5645833333333333,0.6296296296296297
C3/10-2-2-submit-93170.mp4,0.2895833333333333,0.1407407407407407,0.5645833333333333,0.6296296296296297
C3/1-1-6-submit-91740.mp4,0.2854166666666666,0.0759259259259259,0.6114583333333333,0.6555555555555556
C3/1-1-6-submit-92068.mp4,0.2854166666666666,0.0759259259259259,0.6114583333333333,0.6555555555555556
C3/1-1-6-submit-92069.mp4,0.2854166666666666,0.0759259259259259,0.6114583333333333,0.6555555555555556
C3/1-1-6-submit-92582.mp4,0.2854166666666666,0.0759259259259259,0.6114583333333333,0.6555555555555556
C3/1-1-6-submit-93056.mp4,0.2854166666666666,0.0759259259259259,0.6114583333333333,0.6555555555555556
C3/1-1-6-submit-93059.mp4,0.2854166666666666,0.0759259259259259,0.6114583333333333,0.6555555555555556
C3/1-1-6-submit-93062.mp4,0.2854166666666666,0.0759259259259259,0.6114583333333333,0.6555555555555556
C3/1-1-6-submit-93065.mp4,0.2854166666666666,0.0759259259259259,0.6114583333333333,0.6555555555555556
C3/1-1-6-submit-93110.mp4,0.2854166666666666,0.0759259259259259,0.6114583333333333,0.6555555555555556
C3/1-1-6-submit-93169.mp4,0.2854166666666666,0.0759259259259259,0.6114583333333333,0.6555555555555556
C3/1-1-6-submit-93170.mp4,0.2854166666666666,0.0759259259259259,0.6114583333333333,0.6555555555555556
C3/12-1-15-submit-91740.mp4,0.3635416666666666,0.1333333333333333,0.71875,0.7648148148148148
C3/12-1-15-submit-92068.mp4,0.3635416666666666,0.1333333333333333,0.71875,0.7648148148148148
C3/12-1-15-submit-92069.mp4,0.3635416666666666,0.1333333333333333,0.71875,0.7648148148148148
C3/12-1-15-submit-92582.mp4,0.3635416666666666,0.1333333333333333,0.71875,0.7648148148148148
C3/12-1-15-submit-93056.mp4,0.3635416666666666,0.1333333333333333,0.71875,0.7648148148148148
C3/12-1-15-submit-93059.mp4,0.3635416666666666,0.1333333333333333,0.71875,0.7648148148148148
C3/12-1-15-submit-93062.mp4,0.3635416666666666,0.1333333333333333,0.71875,0.7648148148148148
C3/12-1-15-submit-93065.mp4,0.3635416666666666,0.1333333333333333,0.71875,0.7648148148148148
C3/12-1-15-submit-93110.mp4,0.3635416666666666,0.1333333333333333,0.71875,0.7648148148148148
C3/12-1-15-submit-93169.mp4,0.3635416666666666,0.1333333333333333,0.71875,0.7648148148148148
C3/12-1-15-submit-93170.mp4,0.3635416666666666,0.1333333333333333,0.71875,0.7648148148148148
C3/12-2-12-submit-91740.mp4,0.3864583333333333,0.2425925925925925,0.6802083333333333,0.7648148148148148
C3/12-2-12-submit-92068.mp4,0.3864583333333333,0.2425925925925925,0.6802083333333333,0.7648148148148148
C3/12-2-12-submit-92069.mp4,0.3864583333333333,0.2425925925925925,0.6802083333333333,0.7648148148148148
C3/12-2-12-submit-92582.mp4,0.3864583333333333,0.2425925925925925,0.6802083333333333,0.7648148148148148
C3/12-2-12-submit-93056.mp4,0.3864583333333333,0.2425925925925925,0.6802083333333333,0.7648148148148148
C3/12-2-12-submit-93059.mp4,0.3864583333333333,0.2425925925925925,0.6802083333333333,0.7648148148148148
C3/12-2-12-submit-93062.mp4,0.3864583333333333,0.2425925925925925,0.6802083333333333,0.7648148148148148
C3/12-2-12-submit-93065.mp4,0.3864583333333333,0.2425925925925925,0.6802083333333333,0.7648148148148148
C3/12-2-12-submit-93110.mp4,0.3864583333333333,0.2425925925925925,0.6802083333333333,0.7648148148148148
C3/12-2-12-submit-93169.mp4,0.3864583333333333,0.2425925925925925,0.6802083333333333,0.7648148148148148
C3/12-2-12-submit-93170.mp4,0.3864583333333333,0.2425925925925925,0.6802083333333333,0.7648148148148148
C3/1-2-5-submit-91740.mp4,0.3739583333333333,0.2,0.6197916666666666,0.6370370370370371
C3/1-2-5-submit-92068.mp4,0.3739583333333333,0.2,0.6197916666666666,0.6370370370370371
C3/1-2-5-submit-92069.mp4,0.3739583333333333,0.2,0.6197916666666666,0.6370370370370371
C3/1-2-5-submit-92582.mp4,0.3739583333333333,0.2,0.6197916666666666,0.6370370370370371
C3/1-2-5-submit-93056.mp4,0.3739583333333333,0.2,0.6197916666666666,0.6370370370370371
C3/1-2-5-submit-93059.mp4,0.3739583333333333,0.2,0.6197916666666666,0.6370370370370371
C3/1-2-5-submit-93062.mp4,0.3739583333333333,0.2,0.6197916666666666,0.6370370370370371
C3/1-2-5-submit-93065.mp4,0.3739583333333333,0.2,0.6197916666666666,0.6370370370370371
C3/1-2-5-submit-93110.mp4,0.3739583333333333,0.2,0.6197916666666666,0.6370370370370371
C3/1-2-5-submit-93169.mp4,0.3739583333333333,0.2,0.6197916666666666,0.6370370370370371
C3/1-2-5-submit-93170.mp4,0.3739583333333333,0.2,0.6197916666666666,0.6370370370370371
C3/14-1-6-submit-91740.mp4,0.3802083333333333,0.1259259259259259,0.6395833333333333,0.587037037037037
C3/14-1-6-submit-92068.mp4,0.3802083333333333,0.1259259259259259,0.6395833333333333,0.587037037037037
C3/14-1-6-submit-92069.mp4,0.3802083333333333,0.1259259259259259,0.6395833333333333,0.587037037037037
C3/14-1-6-submit-92582.mp4,0.3802083333333333,0.1259259259259259,0.6395833333333333,0.587037037037037
C3/14-1-6-submit-93056.mp4,0.3802083333333333,0.1259259259259259,0.6395833333333333,0.587037037037037
C3/14-1-6-submit-93059.mp4,0.3802083333333333,0.1259259259259259,0.6395833333333333,0.587037037037037
C3/14-1-6-submit-93062.mp4,0.3802083333333333,0.1259259259259259,0.6395833333333333,0.587037037037037
C3/14-1-6-submit-93065.mp4,0.3802083333333333,0.1259259259259259,0.6395833333333333,0.587037037037037
C3/14-1-6-submit-93110.mp4,0.3802083333333333,0.1259259259259259,0.6395833333333333,0.587037037037037
C3/14-1-6-submit-93169.mp4,0.3802083333333333,0.1259259259259259,0.6395833333333333,0.587037037037037
C3/14-1-6-submit-93170.mp4,0.3802083333333333,0.1259259259259259,0.6395833333333333,0.587037037037037
C3/14-2-6-submit-91740.mp4,0.2864583333333333,0.1129629629629629,0.5916666666666667,0.6555555555555556
C3/14-2-6-submit-92068.mp4,0.2864583333333333,0.1129629629629629,0.5916666666666667,0.6555555555555556
C3/14-2-6-submit-92069.mp4,0.2864583333333333,0.1129629629629629,0.5916666666666667,0.6555555555555556
C3/14-2-6-submit-92582.mp4,0.2864583333333333,0.1129629629629629,0.5916666666666667,0.6555555555555556
C3/14-2-6-submit-93056.mp4,0.2864583333333333,0.1129629629629629,0.5916666666666667,0.6555555555555556
C3/14-2-6-submit-93059.mp4,0.2864583333333333,0.1129629629629629,0.5916666666666667,0.6555555555555556
C3/14-2-6-submit-93062.mp4,0.2864583333333333,0.1129629629629629,0.5916666666666667,0.6555555555555556
C3/14-2-6-submit-93065.mp4,0.2864583333333333,0.1129629629629629,0.5916666666666667,0.6555555555555556
C3/14-2-6-submit-93110.mp4,0.2864583333333333,0.1129629629629629,0.5916666666666667,0.6555555555555556
C3/14-2-6-submit-93169.mp4,0.2864583333333333,0.1129629629629629,0.5916666666666667,0.6555555555555556
C3/14-2-6-submit-93170.mp4,0.2864583333333333,0.1129629629629629,0.5916666666666667,0.6555555555555556
C3/16-1-9-submit-91740.mp4,0.334375,0.0333333333333333,0.6729166666666667,0.6351851851851852
C3/16-1-9-submit-92068.mp4,0.334375,0.0333333333333333,0.6729166666666667,0.6351851851851852
C3/16-1-9-submit-92069.mp4,0.334375,0.0333333333333333,0.6729166666666667,0.6351851851851852
C3/16-1-9-submit-92582.mp4,0.334375,0.0333333333333333,0.6729166666666667,0.6351851851851852
C3/16-1-9-submit-93056.mp4,0.334375,0.0333333333333333,0.6729166666666667,0.6351851851851852
C3/16-1-9-submit-93059.mp4,0.334375,0.0333333333333333,0.6729166666666667,0.6351851851851852
C3/16-1-9-submit-93062.mp4,0.334375,0.0333333333333333,0.6729166666666667,0.6351851851851852
C3/16-1-9-submit-93065.mp4,0.334375,0.0333333333333333,0.6729166666666667,0.6351851851851852
C3/16-1-9-submit-93110.mp4,0.334375,0.0333333333333333,0.6729166666666667,0.6351851851851852
C3/16-1-9-submit-93169.mp4,0.334375,0.0333333333333333,0.6729166666666667,0.6351851851851852
C3/16-1-9-submit-93170.mp4,0.334375,0.0333333333333333,0.6729166666666667,0.6351851851851852
C3/16-2-10-submit-91740.mp4,0.271875,0.1666666666666666,0.7197916666666667,0.9629629629629628
C3/16-2-10-submit-92068.mp4,0.271875,0.1666666666666666,0.7197916666666667,0.9629629629629628
C3/16-2-10-submit-92069.mp4,0.271875,0.1666666666666666,0.7197916666666667,0.9629629629629628
C3/16-2-10-submit-92582.mp4,0.271875,0.1666666666666666,0.7197916666666667,0.9629629629629628
C3/16-2-10-submit-93056.mp4,0.271875,0.1666666666666666,0.7197916666666667,0.9629629629629628
C3/16-2-10-submit-93059.mp4,0.271875,0.1666666666666666,0.7197916666666667,0.9629629629629628
C3/16-2-10-submit-93062.mp4,0.271875,0.1666666666666666,0.7197916666666667,0.9629629629629628
C3/16-2-10-submit-93065.mp4,0.271875,0.1666666666666666,0.7197916666666667,0.9629629629629628
C3/16-2-10-submit-93110.mp4,0.271875,0.1666666666666666,0.7197916666666667,0.9629629629629628
C3/16-2-10-submit-93169.mp4,0.271875,0.1666666666666666,0.7197916666666667,0.9629629629629628
C3/16-2-10-submit-93170.mp4,0.271875,0.1666666666666666,0.7197916666666667,0.9629629629629628
C3/18-1-6-submit-91740.mp4,0.4104166666666666,0.1185185185185185,0.7114583333333333,0.6537037037037037
C3/18-1-6-submit-92068.mp4,0.4104166666666666,0.1185185185185185,0.7114583333333333,0.6537037037037037
C3/18-1-6-submit-92069.mp4,0.4104166666666666,0.1185185185185185,0.7114583333333333,0.6537037037037037
C3/18-1-6-submit-92582.mp4,0.4104166666666666,0.1185185185185185,0.7114583333333333,0.6537037037037037
C3/18-1-6-submit-93056.mp4,0.4104166666666666,0.1185185185185185,0.7114583333333333,0.6537037037037037
C3/18-1-6-submit-93059.mp4,0.4104166666666666,0.1185185185185185,0.7114583333333333,0.6537037037037037
C3/18-1-6-submit-93062.mp4,0.4104166666666666,0.1185185185185185,0.7114583333333333,0.6537037037037037
C3/18-1-6-submit-93065.mp4,0.4104166666666666,0.1185185185185185,0.7114583333333333,0.6537037037037037
C3/18-1-6-submit-93110.mp4,0.4104166666666666,0.1185185185185185,0.7114583333333333,0.6537037037037037
C3/18-1-6-submit-93169.mp4,0.4104166666666666,0.1185185185185185,0.7114583333333333,0.6537037037037037
C3/18-1-6-submit-93170.mp4,0.4104166666666666,0.1185185185185185,0.7114583333333333,0.6537037037037037
C3/18-2-7-submit-91740.mp4,0.30625,0.0703703703703703,0.6458333333333334,0.674074074074074
C3/18-2-7-submit-92068.mp4,0.30625,0.0703703703703703,0.6458333333333334,0.674074074074074
C3/18-2-7-submit-92069.mp4,0.30625,0.0703703703703703,0.6458333333333334,0.674074074074074
C3/18-2-7-submit-92582.mp4,0.30625,0.0703703703703703,0.6458333333333334,0.674074074074074
C3/18-2-7-submit-93056.mp4,0.30625,0.0703703703703703,0.6458333333333334,0.674074074074074
C3/18-2-7-submit-93059.mp4,0.30625,0.0703703703703703,0.6458333333333334,0.674074074074074
C3/18-2-7-submit-93062.mp4,0.30625,0.0703703703703703,0.6458333333333334,0.674074074074074
C3/18-2-7-submit-93065.mp4,0.30625,0.0703703703703703,0.6458333333333334,0.674074074074074
C3/18-2-7-submit-93110.mp4,0.30625,0.0703703703703703,0.6458333333333334,0.674074074074074
C3/18-2-7-submit-93169.mp4,0.30625,0.0703703703703703,0.6458333333333334,0.674074074074074
C3/18-2-7-submit-93170.mp4,0.30625,0.0703703703703703,0.6458333333333334,0.674074074074074
C3/20-1-8-submit-91740.mp4,0.3166666666666666,0.1055555555555555,0.5677083333333334,0.5518518518518518
C3/20-1-8-submit-92068.mp4,0.3166666666666666,0.1055555555555555,0.5677083333333334,0.5518518518518518
C3/20-1-8-submit-92069.mp4,0.3166666666666666,0.1055555555555555,0.5677083333333334,0.5518518518518518
C3/20-1-8-submit-92582.mp4,0.3166666666666666,0.1055555555555555,0.5677083333333334,0.5518518518518518
C3/20-1-8-submit-93056.mp4,0.3166666666666666,0.1055555555555555,0.5677083333333334,0.5518518518518518
C3/20-1-8-submit-93059.mp4,0.3166666666666666,0.1055555555555555,0.5677083333333334,0.5518518518518518
C3/20-1-8-submit-93062.mp4,0.3166666666666666,0.1055555555555555,0.5677083333333334,0.5518518518518518
C3/20-1-8-submit-93065.mp4,0.3166666666666666,0.1055555555555555,0.5677083333333334,0.5518518518518518
C3/20-1-8-submit-93110.mp4,0.3166666666666666,0.1055555555555555,0.5677083333333334,0.5518518518518518
C3/20-1-8-submit-93169.mp4,0.3166666666666666,0.1055555555555555,0.5677083333333334,0.5518518518518518
C3/20-1-8-submit-93170.mp4,0.3166666666666666,0.1055555555555555,0.5677083333333334,0.5518518518518518
C3/20-2-8-submit-91740.mp4,0.3895833333333333,0.1462962962962962,0.653125,0.6148148148148148
C3/20-2-8-submit-92068.mp4,0.3895833333333333,0.1462962962962962,0.653125,0.6148148148148148
C3/20-2-8-submit-92069.mp4,0.3895833333333333,0.1462962962962962,0.653125,0.6148148148148148
C3/20-2-8-submit-92582.mp4,0.3895833333333333,0.1462962962962962,0.653125,0.6148148148148148
C3/20-2-8-submit-93056.mp4,0.3895833333333333,0.1462962962962962,0.653125,0.6148148148148148
C3/20-2-8-submit-93059.mp4,0.3895833333333333,0.1462962962962962,0.653125,0.6148148148148148
C3/20-2-8-submit-93062.mp4,0.3895833333333333,0.1462962962962962,0.653125,0.6148148148148148
C3/20-2-8-submit-93065.mp4,0.3895833333333333,0.1462962962962962,0.653125,0.6148148148148148
C3/20-2-8-submit-93110.mp4,0.3895833333333333,0.1462962962962962,0.653125,0.6148148148148148
C3/20-2-8-submit-93169.mp4,0.3895833333333333,0.1462962962962962,0.653125,0.6148148148148148
C3/20-2-8-submit-93170.mp4,0.3895833333333333,0.1462962962962962,0.653125,0.6148148148148148
C3/21-1-3-submit-91740.mp4,0.290625,0.1666666666666666,0.6604166666666667,0.8240740740740741
C3/21-1-3-submit-92068.mp4,0.290625,0.1666666666666666,0.6604166666666667,0.8240740740740741
C3/21-1-3-submit-92069.mp4,0.290625,0.1666666666666666,0.6604166666666667,0.8240740740740741
C3/21-1-3-submit-92582.mp4,0.290625,0.1666666666666666,0.6604166666666667,0.8240740740740741
C3/21-1-3-submit-93056.mp4,0.290625,0.1666666666666666,0.6604166666666667,0.8240740740740741
C3/21-1-3-submit-93059.mp4,0.290625,0.1666666666666666,0.6604166666666667,0.8240740740740741
C3/21-1-3-submit-93062.mp4,0.290625,0.1666666666666666,0.6604166666666667,0.8240740740740741
C3/21-1-3-submit-93065.mp4,0.290625,0.1666666666666666,0.6604166666666667,0.8240740740740741
C3/21-1-3-submit-93110.mp4,0.290625,0.1666666666666666,0.6604166666666667,0.8240740740740741
C3/21-1-3-submit-93169.mp4,0.290625,0.1666666666666666,0.6604166666666667,0.8240740740740741
C3/21-1-3-submit-93170.mp4,0.290625,0.1666666666666666,0.6604166666666667,0.8240740740740741
C3/21-2-7-submit-91740.mp4,0.3833333333333333,0.1277777777777777,0.75,0.7796296296296297
C3/21-2-7-submit-92068.mp4,0.3833333333333333,0.1277777777777777,0.75,0.7796296296296297
C3/21-2-7-submit-92069.mp4,0.3833333333333333,0.1277777777777777,0.75,0.7796296296296297
C3/21-2-7-submit-92582.mp4,0.3833333333333333,0.1277777777777777,0.75,0.7796296296296297
C3/21-2-7-submit-93056.mp4,0.3833333333333333,0.1277777777777777,0.75,0.7796296296296297
C3/21-2-7-submit-93059.mp4,0.3833333333333333,0.1277777777777777,0.75,0.7796296296296297
C3/21-2-7-submit-93062.mp4,0.3833333333333333,0.1277777777777777,0.75,0.7796296296296297
C3/21-2-7-submit-93065.mp4,0.3833333333333333,0.1277777777777777,0.75,0.7796296296296297
C3/21-2-7-submit-93110.mp4,0.3833333333333333,0.1277777777777777,0.75,0.7796296296296297
C3/21-2-7-submit-93169.mp4,0.3833333333333333,0.1277777777777777,0.75,0.7796296296296297
C3/21-2-7-submit-93170.mp4,0.3833333333333333,0.1277777777777777,0.75,0.7796296296296297
C3/2-1-7-submit-91740.mp4,0.2802083333333333,0.1518518518518518,0.5479166666666667,0.6277777777777778
C3/2-1-7-submit-92068.mp4,0.2802083333333333,0.1518518518518518,0.5479166666666667,0.6277777777777778
C3/2-1-7-submit-92069.mp4,0.2802083333333333,0.1518518518518518,0.5479166666666667,0.6277777777777778
C3/2-1-7-submit-92582.mp4,0.2802083333333333,0.1518518518518518,0.5479166666666667,0.6277777777777778
C3/2-1-7-submit-93056.mp4,0.2802083333333333,0.1518518518518518,0.5479166666666667,0.6277777777777778
C3/2-1-7-submit-93059.mp4,0.2802083333333333,0.1518518518518518,0.5479166666666667,0.6277777777777778
C3/2-1-7-submit-93062.mp4,0.2802083333333333,0.1518518518518518,0.5479166666666667,0.6277777777777778
C3/2-1-7-submit-93065.mp4,0.2802083333333333,0.1518518518518518,0.5479166666666667,0.6277777777777778
C3/2-1-7-submit-93110.mp4,0.2802083333333333,0.1518518518518518,0.5479166666666667,0.6277777777777778
C3/2-1-7-submit-93169.mp4,0.2802083333333333,0.1518518518518518,0.5479166666666667,0.6277777777777778
C3/2-1-7-submit-93170.mp4,0.2802083333333333,0.1518518518518518,0.5479166666666667,0.6277777777777778
C3/2-2-11-submit-91740.mp4,0.375,0.2074074074074074,0.6489583333333333,0.6944444444444444
C3/2-2-11-submit-92068.mp4,0.375,0.2074074074074074,0.6489583333333333,0.6944444444444444
C3/2-2-11-submit-92069.mp4,0.375,0.2074074074074074,0.6489583333333333,0.6944444444444444
C3/2-2-11-submit-92582.mp4,0.375,0.2074074074074074,0.6489583333333333,0.6944444444444444
C3/2-2-11-submit-93056.mp4,0.375,0.2074074074074074,0.6489583333333333,0.6944444444444444
C3/2-2-11-submit-93059.mp4,0.375,0.2074074074074074,0.6489583333333333,0.6944444444444444
C3/2-2-11-submit-93062.mp4,0.375,0.2074074074074074,0.6489583333333333,0.6944444444444444
C3/2-2-11-submit-93065.mp4,0.375,0.2074074074074074,0.6489583333333333,0.6944444444444444
C3/2-2-11-submit-93110.mp4,0.375,0.2074074074074074,0.6489583333333333,0.6944444444444444
C3/2-2-11-submit-93169.mp4,0.375,0.2074074074074074,0.6489583333333333,0.6944444444444444
C3/2-2-11-submit-93170.mp4,0.375,0.2074074074074074,0.6489583333333333,0.6944444444444444
C3/22-1-4-submit-91740.mp4,0.3166666666666666,0.2259259259259259,0.6229166666666667,0.7703703703703704
C3/22-1-4-submit-92068.mp4,0.3166666666666666,0.2259259259259259,0.6229166666666667,0.7703703703703704
C3/22-1-4-submit-92069.mp4,0.3166666666666666,0.2259259259259259,0.6229166666666667,0.7703703703703704
C3/22-1-4-submit-92582.mp4,0.3166666666666666,0.2259259259259259,0.6229166666666667,0.7703703703703704
C3/22-1-4-submit-93056.mp4,0.3166666666666666,0.2259259259259259,0.6229166666666667,0.7703703703703704
C3/22-1-4-submit-93059.mp4,0.3166666666666666,0.2259259259259259,0.6229166666666667,0.7703703703703704
C3/22-1-4-submit-93062.mp4,0.3166666666666666,0.2259259259259259,0.6229166666666667,0.7703703703703704
C3/22-1-4-submit-93065.mp4,0.3166666666666666,0.2259259259259259,0.6229166666666667,0.7703703703703704
C3/22-1-4-submit-93110.mp4,0.3166666666666666,0.2259259259259259,0.6229166666666667,0.7703703703703704
C3/22-1-4-submit-93169.mp4,0.3166666666666666,0.2259259259259259,0.6229166666666667,0.7703703703703704
C3/22-1-4-submit-93170.mp4,0.3166666666666666,0.2259259259259259,0.6229166666666667,0.7703703703703704
C3/22-2-1-submit-91740.mp4,0.3197916666666666,0.1666666666666666,0.6114583333333333,0.6851851851851852
C3/22-2-1-submit-92068.mp4,0.3197916666666666,0.1666666666666666,0.6114583333333333,0.6851851851851852
C3/22-2-1-submit-92069.mp4,0.3197916666666666,0.1666666666666666,0.6114583333333333,0.6851851851851852
C3/22-2-1-submit-92582.mp4,0.3197916666666666,0.1666666666666666,0.6114583333333333,0.6851851851851852
C3/22-2-1-submit-93056.mp4,0.3197916666666666,0.1666666666666666,0.6114583333333333,0.6851851851851852
C3/22-2-1-submit-93059.mp4,0.3197916666666666,0.1666666666666666,0.6114583333333333,0.6851851851851852
C3/22-2-1-submit-93062.mp4,0.3197916666666666,0.1666666666666666,0.6114583333333333,0.6851851851851852
C3/22-2-1-submit-93065.mp4,0.3197916666666666,0.1666666666666666,0.6114583333333333,0.6851851851851852
C3/22-2-1-submit-93110.mp4,0.3197916666666666,0.1666666666666666,0.6114583333333333,0.6851851851851852
C3/22-2-1-submit-93169.mp4,0.3197916666666666,0.1666666666666666,0.6114583333333333,0.6851851851851852
C3/22-2-1-submit-93170.mp4,0.3197916666666666,0.1666666666666666,0.6114583333333333,0.6851851851851852
C3/5-1-17-submit-91740.mp4,0.4604166666666666,0.1296296296296296,0.75625,0.6555555555555556
C3/5-1-17-submit-92068.mp4,0.4604166666666666,0.1296296296296296,0.75625,0.6555555555555556
C3/5-1-17-submit-92069.mp4,0.4604166666666666,0.1296296296296296,0.75625,0.6555555555555556
C3/5-1-17-submit-92582.mp4,0.4604166666666666,0.1296296296296296,0.75625,0.6555555555555556
C3/5-1-17-submit-93056.mp4,0.4604166666666666,0.1296296296296296,0.75625,0.6555555555555556
C3/5-1-17-submit-93059.mp4,0.4604166666666666,0.1296296296296296,0.75625,0.6555555555555556
C3/5-1-17-submit-93062.mp4,0.4604166666666666,0.1296296296296296,0.75625,0.6555555555555556
C3/5-1-17-submit-93065.mp4,0.4604166666666666,0.1296296296296296,0.75625,0.6555555555555556
C3/5-1-17-submit-93110.mp4,0.4604166666666666,0.1296296296296296,0.75625,0.6555555555555556
C3/5-1-17-submit-93169.mp4,0.4604166666666666,0.1296296296296296,0.75625,0.6555555555555556
C3/5-1-17-submit-93170.mp4,0.4604166666666666,0.1296296296296296,0.75625,0.6555555555555556
C3/5-2-10-submit-91740.mp4,0.3791666666666666,0.074074074074074,0.7302083333333333,0.6981481481481482
C3/5-2-10-submit-92068.mp4,0.3791666666666666,0.074074074074074,0.7302083333333333,0.6981481481481482
C3/5-2-10-submit-92069.mp4,0.3791666666666666,0.074074074074074,0.7302083333333333,0.6981481481481482
C3/5-2-10-submit-92582.mp4,0.3791666666666666,0.074074074074074,0.7302083333333333,0.6981481481481482
C3/5-2-10-submit-93056.mp4,0.3791666666666666,0.074074074074074,0.7302083333333333,0.6981481481481482
C3/5-2-10-submit-93059.mp4,0.3791666666666666,0.074074074074074,0.7302083333333333,0.6981481481481482
C3/5-2-10-submit-93062.mp4,0.3791666666666666,0.074074074074074,0.7302083333333333,0.6981481481481482
C3/5-2-10-submit-93065.mp4,0.3791666666666666,0.074074074074074,0.7302083333333333,0.6981481481481482
C3/5-2-10-submit-93110.mp4,0.3791666666666666,0.074074074074074,0.7302083333333333,0.6981481481481482
C3/5-2-10-submit-93169.mp4,0.3791666666666666,0.074074074074074,0.7302083333333333,0.6981481481481482
C3/5-2-10-submit-93170.mp4,0.3791666666666666,0.074074074074074,0.7302083333333333,0.6981481481481482
C3/6-1-12-submit-91740.mp4,0.271875,0.0851851851851851,0.6447916666666667,0.7481481481481481
C3/6-1-12-submit-92068.mp4,0.271875,0.0851851851851851,0.6447916666666667,0.7481481481481481
C3/6-1-12-submit-92069.mp4,0.271875,0.0851851851851851,0.6447916666666667,0.7481481481481481
C3/6-1-12-submit-92582.mp4,0.271875,0.0851851851851851,0.6447916666666667,0.7481481481481481
C3/6-1-12-submit-93056.mp4,0.271875,0.0851851851851851,0.6447916666666667,0.7481481481481481
C3/6-1-12-submit-93059.mp4,0.271875,0.0851851851851851,0.6447916666666667,0.7481481481481481
C3/6-1-12-submit-93062.mp4,0.271875,0.0851851851851851,0.6447916666666667,0.7481481481481481
C3/6-1-12-submit-93065.mp4,0.271875,0.0851851851851851,0.6447916666666667,0.7481481481481481
C3/6-1-12-submit-93110.mp4,0.271875,0.0851851851851851,0.6447916666666667,0.7481481481481481
C3/6-1-12-submit-93169.mp4,0.271875,0.0851851851851851,0.6447916666666667,0.7481481481481481
C3/6-1-12-submit-93170.mp4,0.271875,0.0851851851851851,0.6447916666666667,0.7481481481481481
C3/6-2-11-submit-91740.mp4,0.2770833333333333,0.2018518518518518,0.6322916666666667,0.8333333333333334
C3/6-2-11-submit-92068.mp4,0.2770833333333333,0.2018518518518518,0.6322916666666667,0.8333333333333334
C3/6-2-11-submit-92069.mp4,0.2770833333333333,0.2018518518518518,0.6322916666666667,0.8333333333333334
C3/6-2-11-submit-92582.mp4,0.2770833333333333,0.2018518518518518,0.6322916666666667,0.8333333333333334
C3/6-2-11-submit-93056.mp4,0.2770833333333333,0.2018518518518518,0.6322916666666667,0.8333333333333334
C3/6-2-11-submit-93059.mp4,0.2770833333333333,0.2018518518518518,0.6322916666666667,0.8333333333333334
C3/6-2-11-submit-93062.mp4,0.2770833333333333,0.2018518518518518,0.6322916666666667,0.8333333333333334
C3/6-2-11-submit-93065.mp4,0.2770833333333333,0.2018518518518518,0.6322916666666667,0.8333333333333334
C3/6-2-11-submit-93110.mp4,0.2770833333333333,0.2018518518518518,0.6322916666666667,0.8333333333333334
C3/6-2-11-submit-93169.mp4,0.2770833333333333,0.2018518518518518,0.6322916666666667,0.8333333333333334
C3/6-2-11-submit-93170.mp4,0.2770833333333333,0.2018518518518518,0.6322916666666667,0.8333333333333334
C3/7-1-12-submit-91740.mp4,0.4083333333333333,0.1537037037037037,0.69375,0.6611111111111111
C3/7-1-12-submit-92068.mp4,0.4083333333333333,0.1537037037037037,0.69375,0.6611111111111111
C3/7-1-12-submit-92069.mp4,0.4083333333333333,0.1537037037037037,0.69375,0.6611111111111111
C3/7-1-12-submit-92582.mp4,0.4083333333333333,0.1537037037037037,0.69375,0.6611111111111111
C3/7-1-12-submit-93056.mp4,0.4083333333333333,0.1537037037037037,0.69375,0.6611111111111111
C3/7-1-12-submit-93059.mp4,0.4083333333333333,0.1537037037037037,0.69375,0.6611111111111111
C3/7-1-12-submit-93062.mp4,0.4083333333333333,0.1537037037037037,0.69375,0.6611111111111111
C3/7-1-12-submit-93065.mp4,0.4083333333333333,0.1537037037037037,0.69375,0.6611111111111111
C3/7-1-12-submit-93110.mp4,0.4083333333333333,0.1537037037037037,0.69375,0.6611111111111111
C3/7-1-12-submit-93169.mp4,0.4083333333333333,0.1537037037037037,0.69375,0.6611111111111111
C3/7-1-12-submit-93170.mp4,0.4083333333333333,0.1537037037037037,0.69375,0.6611111111111111
C3/7-2-9-submit-91740.mp4,0.3114583333333333,0.1037037037037037,0.6072916666666667,0.6296296296296297
C3/7-2-9-submit-92068.mp4,0.3114583333333333,0.1037037037037037,0.6072916666666667,0.6296296296296297
C3/7-2-9-submit-92069.mp4,0.3114583333333333,0.1037037037037037,0.6072916666666667,0.6296296296296297
C3/7-2-9-submit-92582.mp4,0.3114583333333333,0.1037037037037037,0.6072916666666667,0.6296296296296297
C3/7-2-9-submit-93056.mp4,0.3114583333333333,0.1037037037037037,0.6072916666666667,0.6296296296296297
C3/7-2-9-submit-93059.mp4,0.3114583333333333,0.1037037037037037,0.6072916666666667,0.6296296296296297
C3/7-2-9-submit-93062.mp4,0.3114583333333333,0.1037037037037037,0.6072916666666667,0.6296296296296297
C3/7-2-9-submit-93065.mp4,0.3114583333333333,0.1037037037037037,0.6072916666666667,0.6296296296296297
C3/7-2-9-submit-93110.mp4,0.3114583333333333,0.1037037037037037,0.6072916666666667,0.6296296296296297
C3/7-2-9-submit-93169.mp4,0.3114583333333333,0.1037037037037037,0.6072916666666667,0.6296296296296297
C3/7-2-9-submit-93170.mp4,0.3114583333333333,0.1037037037037037,0.6072916666666667,0.6296296296296297
C3/9-1-10-submit-91740.mp4,0.4552083333333333,0.1722222222222222,0.725,0.6518518518518519
C3/9-1-10-submit-92068.mp4,0.4552083333333333,0.1722222222222222,0.725,0.6518518518518519
C3/9-1-10-submit-92069.mp4,0.4552083333333333,0.1722222222222222,0.725,0.6518518518518519
C3/9-1-10-submit-92582.mp4,0.4552083333333333,0.1722222222222222,0.725,0.6518518518518519
C3/9-1-10-submit-93056.mp4,0.4552083333333333,0.1722222222222222,0.725,0.6518518518518519
C3/9-1-10-submit-93059.mp4,0.4552083333333333,0.1722222222222222,0.725,0.6518518518518519
C3/9-1-10-submit-93062.mp4,0.4552083333333333,0.1722222222222222,0.725,0.6518518518518519
C3/9-1-10-submit-93065.mp4,0.4552083333333333,0.1722222222222222,0.725,0.6518518518518519
C3/9-1-10-submit-93110.mp4,0.4552083333333333,0.1722222222222222,0.725,0.6518518518518519
C3/9-1-10-submit-93169.mp4,0.4552083333333333,0.1722222222222222,0.725,0.6518518518518519
C3/9-1-10-submit-93170.mp4,0.4552083333333333,0.1722222222222222,0.725,0.6518518518518519
C3/9-2-8-submit-91740.mp4,0.3666666666666666,0.1277777777777777,0.71875,0.7537037037037037
C3/9-2-8-submit-92068.mp4,0.3666666666666666,0.1277777777777777,0.71875,0.7537037037037037
C3/9-2-8-submit-92069.mp4,0.3666666666666666,0.1277777777777777,0.71875,0.7537037037037037
C3/9-2-8-submit-92582.mp4,0.3666666666666666,0.1277777777777777,0.71875,0.7537037037037037
C3/9-2-8-submit-93056.mp4,0.3666666666666666,0.1277777777777777,0.71875,0.7537037037037037
C3/9-2-8-submit-93059.mp4,0.3666666666666666,0.1277777777777777,0.71875,0.7537037037037037
C3/9-2-8-submit-93062.mp4,0.3666666666666666,0.1277777777777777,0.71875,0.7537037037037037
C3/9-2-8-submit-93065.mp4,0.3666666666666666,0.1277777777777777,0.71875,0.7537037037037037
C3/9-2-8-submit-93110.mp4,0.3666666666666666,0.1277777777777777,0.71875,0.7537037037037037
C3/9-2-8-submit-93169.mp4,0.3666666666666666,0.1277777777777777,0.71875,0.7537037037037037
C3/9-2-8-submit-93170.mp4,0.3666666666666666,0.1277777777777777,0.71875,0.7537037037037037
